Workbook

Sheet INICIO
A1: OPERACION LOGISTICA - PANEL SIMPLE
A3: Resumen rapido
A4: Codigos inventario | B4: 1410
A5: Tipos de producto | B5: 25 | D5: Hojas de uso diario | E5: PEDIDOS | F5: SALIDAS | G5: DEVOLUCIONES | H5: STOCK EN VIVO
A6: Eventos activos | B6: 2
A7: Salidas cargadas | B7: 26 | D7: Alertas automaticas | E7: CODIGO NO EXISTE | F7: DUPLICADO | G7: NO PEDIDO | H7: EXCEDE PEDIDO
A8: Devoluciones cargadas | B8: 3

Sheet PRODUCTOS
A1: Tipo | B1: Descripcion | C1: Total inventario | D1: Activo
A2: ARANA-CAMLOCK | B2: Araña Camlock | C2: 2 | D2: SI
A3: BAUL | B3: Baúl | C3: 11 | D3: SI
A4: CHA-250A | B4: Chancha 250A | C4: 2 | D4: SI
A5: CHA-400A | B5: Chancha 400A | C5: 3 | D5: SI
A6: CHA-TABLEROS | B6: Tablero Chancha | C6: 7 | D6: SI
A7: GEN-9KVA | B7: Generador 9KVA | C7: 9 | D7: SI
A8: LUZ-SALA | B8: Luz sala | C8: 6 | D8: SI
A9: LUZ-TRABAJO | B9: Luz de trabajo | C9: 4 | D9: SI
A10: MEN-3X16-14M | B10: Meneque 3x16 de 14 metros | C10: 17 | D10: SI
A11: MEN-3X16-20M | B11: Meneque 3x16 de 20 metros | C11: 30 | D11: SI
A12: MEN-3X16-30M | B12: Meneke 3x16 de 30 metros | C12: 30 | D12: SI
A13: MEN-5X16-A-16A | B13: Meneque 5x16 a 16A | C13: 15 | D13: SI
... A26: TAB-SCAME | B26: Tablero Scame | C26: 4 | D26: SI

Sheet INVENTARIO
A1: Codigo | B1: Tipo | C1: Descripcion | D1: Estado | E1: Observaciones
A2: GEN9KVA-001 | B2: GEN-9KVA | C2: Generador 9KVA | D2: Disponible
A3: GEN9KVA-002 | B3: GEN-9KVA | C3: Generador 9KVA | D3: Disponible
A4: GEN9KVA-003 | B4: GEN-9KVA | C4: Generador 9KVA | D4: Disponible
A5: GEN9KVA-004 | B5: GEN-9KVA | C5: Generador 9KVA | D5: Disponible
A6: GEN9KVA-005 | B6: GEN-9KVA | C6: Generador 9KVA | D6: Disponible
A7: GEN9KVA-006 | B7: GEN-9KVA | C7: Generador 9KVA | D7: Disponible
A8: GEN9KVA-007 | B8: GEN-9KVA | C8: Generador 9KVA | D8: Disponible
A9: GEN9KVA-008 | B9: GEN-9KVA | C9: Generador 9KVA | D9: Disponible
A10: GEN9KVA-009 | B10: GEN-9KVA | C10: Generador 9KVA | D10: Disponible
A11: TABP-001 | B11: TAB-PATOS | C11: Tablero Patos | D11: Disponible
A12: TABP-002 | B12: TAB-PATOS | C12: Tablero Patos | D12: Disponible
A13: TABP-003 | B13: TAB-PATOS | C13: Tablero Patos | D13: Disponible
... A279: MEN31630-030 | B279: MEN-3X16-30M | C279: Meneke 3x16 de 30 metros | D279: Disponible
A280: MEN31610-001 | D280: Disponible
A281: MEN31610-002 | D281: Disponible
A282: MEN31610-003 | D282: Disponible
A283: MEN31610-004 | D283: Disponible
A284: MEN31610-005 | D284: Disponible
A285: MEN31610-006 | D285: Disponible
A286: MEN31610-007 | D286: Disponible
A287: MEN31610-008 | D287: Disponible
A288: MEN31610-009 | D288: Disponible
A289: MEN31610-010 | D289: Disponible
A290: MEN31610-011 | D290: Disponible
A291: MEN31610-012 | D291: Disponible
... A1411: TAB-020 | D1411: Disponible

Sheet PEDIDOS
A1: Pedido | B1: Fecha | C1: Evento | D1: Solicitante | E1: Estado | F1: Notas | G1: Validacion
A2: PED-0001 | B2: 46166.573 | C2: <openpyxl.worksheet.formula.ArrayFormula object at 0x0000021AD9ABCE00> | E2: Confirmado
A3: PED-0002 | B3: 46166.573 | C3: Tecnopolis | E3: Borrador

Sheet PEDIDO_ITEMS
A1: Pedido | B1: Tipo | C1: Cantidad pedida | D1: Cantidad salida | E1: Faltan | F1: Estado
D2: =IF(A2="","",COUNTIFS(SALIDAS!$C$2:$C$1000,A2,SALIDAS!$E$2:$E$1000,B2,SALIDAS!$G$2:$G$1000,"OK*")) | E2: =IF(A2="","",MAX(0,C2-D2)) | F2: =IF(A2="","",IF(E2=0,"COMPLETO","FALTA"))
D3: =IF(A3="","",COUNTIFS(SALIDAS!$C$2:$C$1000,A3,SALIDAS!$E$2:$E$1000,B3,SALIDAS!$G$2:$G$1000,"OK*")) | E3: =IF(A3="","",MAX(0,C3-D3)) | F3: =IF(A3="","",IF(E3=0,"COMPLETO","FALTA"))
D4: =IF(A4="","",COUNTIFS(SALIDAS!$C$2:$C$1000,A4,SALIDAS!$E$2:$E$1000,B4,SALIDAS!$G$2:$G$1000,"OK*")) | E4: =IF(A4="","",MAX(0,C4-D4)) | F4: =IF(A4="","",IF(E4=0,"COMPLETO","FALTA"))
D5: =IF(A5="","",COUNTIFS(SALIDAS!$C$2:$C$1000,A5,SALIDAS!$E$2:$E$1000,B5,SALIDAS!$G$2:$G$1000,"OK*")) | E5: =IF(A5="","",MAX(0,C5-D5)) | F5: =IF(A5="","",IF(E5=0,"COMPLETO","FALTA"))
D6: =IF(A6="","",COUNTIFS(SALIDAS!$C$2:$C$1000,A6,SALIDAS!$E$2:$E$1000,B6,SALIDAS!$G$2:$G$1000,"OK*")) | E6: =IF(A6="","",MAX(0,C6-D6)) | F6: =IF(A6="","",IF(E6=0,"COMPLETO","FALTA"))
D7: =IF(A7="","",COUNTIFS(SALIDAS!$C$2:$C$1000,A7,SALIDAS!$E$2:$E$1000,B7,SALIDAS!$G$2:$G$1000,"OK*")) | E7: =IF(A7="","",MAX(0,C7-D7)) | F7: =IF(A7="","",IF(E7=0,"COMPLETO","FALTA"))
D8: =IF(A8="","",COUNTIFS(SALIDAS!$C$2:$C$1000,A8,SALIDAS!$E$2:$E$1000,B8,SALIDAS!$G$2:$G$1000,"OK*")) | E8: =IF(A8="","",MAX(0,C8-D8)) | F8: =IF(A8="","",IF(E8=0,"COMPLETO","FALTA"))
D9: =IF(A9="","",COUNTIFS(SALIDAS!$C$2:$C$1000,A9,SALIDAS!$E$2:$E$1000,B9,SALIDAS!$G$2:$G$1000,"OK*")) | E9: =IF(A9="","",MAX(0,C9-D9)) | F9: =IF(A9="","",IF(E9=0,"COMPLETO","FALTA"))
D10: =IF(A10="","",COUNTIFS(SALIDAS!$C$2:$C$1000,A10,SALIDAS!$E$2:$E$1000,B10,SALIDAS!$G$2:$G$1000,"OK*")) | E10: =IF(A10="","",MAX(0,C10-D10)) | F10: =IF(A10="","",IF(E10=0,"COMPLETO","FALTA"))
D11: =IF(A11="","",COUNTIFS(SALIDAS!$C$2:$C$1000,A11,SALIDAS!$E$2:$E$1000,B11,SALIDAS!$G$2:$G$1000,"OK*")) | E11: =IF(A11="","",MAX(0,C11-D11)) | F11: =IF(A11="","",IF(E11=0,"COMPLETO","FALTA"))
D12: =IF(A12="","",COUNTIFS(SALIDAS!$C$2:$C$1000,A12,SALIDAS!$E$2:$E$1000,B12,SALIDAS!$G$2:$G$1000,"OK*")) | E12: =IF(A12="","",MAX(0,C12-D12)) | F12: =IF(A12="","",IF(E12=0,"COMPLETO","FALTA"))
D13: =IF(A13="","",COUNTIFS(SALIDAS!$C$2:$C$1000,A13,SALIDAS!$E$2:$E$1000,B13,SALIDAS!$G$2:$G$1000,"OK*")) | E13: =IF(A13="","",MAX(0,C13-D13)) | F13: =IF(A13="","",IF(E13=0,"COMPLETO","FALTA"))
... D501: =IF(A501="","",COUNTIFS(SALIDAS!$C$2:$C$1000,A501,SALIDAS!$E$2:$E$1000,B501,SALIDAS!$G$2:$G$1000,"OK*")) | E501: =IF(A501="","",MAX(0,C501-D501)) | F501: =IF(A501="","",IF(E501=0,"COMPLETO","FALTA"))

Sheet SALIDAS
A1: Fecha | B1: Evento | C1: Pedido | D1: Codigo | E1: Tipo detectado | F1: Descripcion | G1: Validacion
A2: =IF(C3<>"",IF(A3="",TODAY(),A3),"") | B2: Tecnopolis | D2: GEN9KVA-001 | E2: =IF(D2="","",IFERROR(XLOOKUP(TRIM(D2),INVENTARIO!$A$2:$A$2000,INVENTARIO!$B$2:$B$2000),"NO ENCONTRADO")) | F2: =IF(D2="","",IFERROR(XLOOKUP(TRIM(D2),INVENTARIO!$A$2:$A$2000,INVENTARIO!$C$2:$C$2000),"")) | G2: =IF(D2="","",IF(E2="NO ENCONTRADO","CODIGO NO EXISTE",IF(COUNTIF($D$2:D2,D2)>1,"DUPLICADO",IF(C2="","OK SIN PEDIDO",IF(COUNTIFS(PEDIDO_ITEMS!$A$2:$A$501,C2,PEDIDO_ITEMS!$B$2:$B$501,E2)=0,"NO PEDIDO",IF(COUNTIFS($C$2:C2,C2,$E$2:E2,E2)>SUMIFS(PEDIDO_ITEMS!$C$2:$C$501,PEDIDO_ITEMS!$A$2:$A$501,C2,PEDIDO_ITEMS!$B$2:$B$501,E2),"EXCEDE PEDIDO","OK"))))))
A3: =IF(C3="", "", TODAY()) | B3: Tecnopolis | D3: GEN9KVA-002 | E3: =IF(D3="","",IFERROR(XLOOKUP(TRIM(D3),INVENTARIO!$A$2:$A$2000,INVENTARIO!$B$2:$B$2000),"NO ENCONTRADO")) | F3: =IF(D3="","",IFERROR(XLOOKUP(TRIM(D3),INVENTARIO!$A$2:$A$2000,INVENTARIO!$C$2:$C$2000),"")) | G3: =IF(D3="","",IF(E3="NO ENCONTRADO","CODIGO NO EXISTE",IF(COUNTIF($D$2:D3,D3)>1,"DUPLICADO",IF(C3="","OK SIN PEDIDO",IF(COUNTIFS(PEDIDO_ITEMS!$A$2:$A$501,C3,PEDIDO_ITEMS!$B$2:$B$501,E3)=0,"NO PEDIDO",IF(COUNTIFS($C$2:C3,C3,$E$2:E3,E3)>SUMIFS(PEDIDO_ITEMS!$C$2:$C$501,PEDIDO_ITEMS!$A$2:$A$501,C3,PEDIDO_ITEMS!$B$2:$B$501,E3),"EXCEDE PEDIDO","OK"))))))
A4: 46136.413 | B4: Tecnopolis | D4: GEN9KVA-003 | E4: =IF(D4="","",IFERROR(XLOOKUP(TRIM(D4),INVENTARIO!$A$2:$A$2000,INVENTARIO!$B$2:$B$2000),"NO ENCONTRADO")) | F4: =IF(D4="","",IFERROR(XLOOKUP(TRIM(D4),INVENTARIO!$A$2:$A$2000,INVENTARIO!$C$2:$C$2000),"")) | G4: =IF(D4="","",IF(E4="NO ENCONTRADO","CODIGO NO EXISTE",IF(COUNTIF($D$2:D4,D4)>1,"DUPLICADO",IF(C4="","OK SIN PEDIDO",IF(COUNTIFS(PEDIDO_ITEMS!$A$2:$A$501,C4,PEDIDO_ITEMS!$B$2:$B$501,E4)=0,"NO PEDIDO",IF(COUNTIFS($C$2:C4,C4,$E$2:E4,E4)>SUMIFS(PEDIDO_ITEMS!$C$2:$C$501,PEDIDO_ITEMS!$A$2:$A$501,C4,PEDIDO_ITEMS!$B$2:$B$501,E4),"EXCEDE PEDIDO","OK"))))))
B5: Tecnopolis | D5: GEN9KVA-004 | E5: =IF(D5="","",IFERROR(XLOOKUP(TRIM(D5),INVENTARIO!$A$2:$A$2000,INVENTARIO!$B$2:$B$2000),"NO ENCONTRADO")) | F5: =IF(D5="","",IFERROR(XLOOKUP(TRIM(D5),INVENTARIO!$A$2:$A$2000,INVENTARIO!$C$2:$C$2000),"")) | G5: =IF(D5="","",IF(E5="NO ENCONTRADO","CODIGO NO EXISTE",IF(COUNTIF($D$2:D5,D5)>1,"DUPLICADO",IF(C5="","OK SIN PEDIDO",IF(COUNTIFS(PEDIDO_ITEMS!$A$2:$A$501,C5,PEDIDO_ITEMS!$B$2:$B$501,E5)=0,"NO PEDIDO",IF(COUNTIFS($C$2:C5,C5,$E$2:E5,E5)>SUMIFS(PEDIDO_ITEMS!$C$2:$C$501,PEDIDO_ITEMS!$A$2:$A$501,C5,PEDIDO_ITEMS!$B$2:$B$501,E5),"EXCEDE PEDIDO","OK"))))))
B6: Tecnopolis | D6: GEN9KVA-005 | E6: =IF(D6="","",IFERROR(XLOOKUP(TRIM(D6),INVENTARIO!$A$2:$A$2000,INVENTARIO!$B$2:$B$2000),"NO ENCONTRADO")) | F6: =IF(D6="","",IFERROR(XLOOKUP(TRIM(D6),INVENTARIO!$A$2:$A$2000,INVENTARIO!$C$2:$C$2000),"")) | G6: =IF(D6="","",IF(E6="NO ENCONTRADO","CODIGO NO EXISTE",IF(COUNTIF($D$2:D6,D6)>1,"DUPLICADO",IF(C6="","OK SIN PEDIDO",IF(COUNTIFS(PEDIDO_ITEMS!$A$2:$A$501,C6,PEDIDO_ITEMS!$B$2:$B$501,E6)=0,"NO PEDIDO",IF(COUNTIFS($C$2:C6,C6,$E$2:E6,E6)>SUMIFS(PEDIDO_ITEMS!$C$2:$C$501,PEDIDO_ITEMS!$A$2:$A$501,C6,PEDIDO_ITEMS!$B$2:$B$501,E6),"EXCEDE PEDIDO","OK"))))))
A7: 46126.506 | B7: Tecnopolis | D7: GEN9KVA-006 | E7: =IF(D7="","",IFERROR(XLOOKUP(TRIM(D7),INVENTARIO!$A$2:$A$2000,INVENTARIO!$B$2:$B$2000),"NO ENCONTRADO")) | F7: =IF(D7="","",IFERROR(XLOOKUP(TRIM(D7),INVENTARIO!$A$2:$A$2000,INVENTARIO!$C$2:$C$2000),"")) | G7: =IF(D7="","",IF(E7="NO ENCONTRADO","CODIGO NO EXISTE",IF(COUNTIF($D$2:D7,D7)>1,"DUPLICADO",IF(C7="","OK SIN PEDIDO",IF(COUNTIFS(PEDIDO_ITEMS!$A$2:$A$501,C7,PEDIDO_ITEMS!$B$2:$B$501,E7)=0,"NO PEDIDO",IF(COUNTIFS($C$2:C7,C7,$E$2:E7,E7)>SUMIFS(PEDIDO_ITEMS!$C$2:$C$501,PEDIDO_ITEMS!$A$2:$A$501,C7,PEDIDO_ITEMS!$B$2:$B$501,E7),"EXCEDE PEDIDO","OK"))))))
A8: 46126.506 | B8: Tecnopolis | D8: GEN9KVA-007 | E8: =IF(D8="","",IFERROR(XLOOKUP(TRIM(D8),INVENTARIO!$A$2:$A$2000,INVENTARIO!$B$2:$B$2000),"NO ENCONTRADO")) | F8: =IF(D8="","",IFERROR(XLOOKUP(TRIM(D8),INVENTARIO!$A$2:$A$2000,INVENTARIO!$C$2:$C$2000),"")) | G8: =IF(D8="","",IF(E8="NO ENCONTRADO","CODIGO NO EXISTE",IF(COUNTIF($D$2:D8,D8)>1,"DUPLICADO",IF(C8="","OK SIN PEDIDO",IF(COUNTIFS(PEDIDO_ITEMS!$A$2:$A$501,C8,PEDIDO_ITEMS!$B$2:$B$501,E8)=0,"NO PEDIDO",IF(COUNTIFS($C$2:C8,C8,$E$2:E8,E8)>SUMIFS(PEDIDO_ITEMS!$C$2:$C$501,PEDIDO_ITEMS!$A$2:$A$501,C8,PEDIDO_ITEMS!$B$2:$B$501,E8),"EXCEDE PEDIDO","OK"))))))
A9: 46126.506 | B9: Tecnopolis | D9: GEN9KVA-008 | E9: =IF(D9="","",IFERROR(XLOOKUP(TRIM(D9),INVENTARIO!$A$2:$A$2000,INVENTARIO!$B$2:$B$2000),"NO ENCONTRADO")) | F9: =IF(D9="","",IFERROR(XLOOKUP(TRIM(D9),INVENTARIO!$A$2:$A$2000,INVENTARIO!$C$2:$C$2000),"")) | G9: =IF(D9="","",IF(E9="NO ENCONTRADO","CODIGO NO EXISTE",IF(COUNTIF($D$2:D9,D9)>1,"DUPLICADO",IF(C9="","OK SIN PEDIDO",IF(COUNTIFS(PEDIDO_ITEMS!$A$2:$A$501,C9,PEDIDO_ITEMS!$B$2:$B$501,E9)=0,"NO PEDIDO",IF(COUNTIFS($C$2:C9,C9,$E$2:E9,E9)>SUMIFS(PEDIDO_ITEMS!$C$2:$C$501,PEDIDO_ITEMS!$A$2:$A$501,C9,PEDIDO_ITEMS!$B$2:$B$501,E9),"EXCEDE PEDIDO","OK"))))))
A10: 46126.508 | B10: Tecnopolis | D10: GEN9KVA-009 | E10: =IF(D10="","",IFERROR(XLOOKUP(TRIM(D10),INVENTARIO!$A$2:$A$2000,INVENTARIO!$B$2:$B$2000),"NO ENCONTRADO")) | F10: =IF(D10="","",IFERROR(XLOOKUP(TRIM(D10),INVENTARIO!$A$2:$A$2000,INVENTARIO!$C$2:$C$2000),"")) | G10: =IF(D10="","",IF(E10="NO ENCONTRADO","CODIGO NO EXISTE",IF(COUNTIF($D$2:D10,D10)>1,"DUPLICADO",IF(C10="","OK SIN PEDIDO",IF(COUNTIFS(PEDIDO_ITEMS!$A$2:$A$501,C10,PEDIDO_ITEMS!$B$2:$B$501,E10)=0,"NO PEDIDO",IF(COUNTIFS($C$2:C10,C10,$E$2:E10,E10)>SUMIFS(PEDIDO_ITEMS!$C$2:$C$501,PEDIDO_ITEMS!$A$2:$A$501,C10,PEDIDO_ITEMS!$B$2:$B$501,E10),"EXCEDE PEDIDO","OK"))))))
A11: 46126.508 | B11: Tecnopolis | D11: MNG53210-047 | E11: =IF(D11="","",IFERROR(XLOOKUP(TRIM(D11),INVENTARIO!$A$2:$A$2000,INVENTARIO!$B$2:$B$2000),"NO ENCONTRADO")) | F11: =IF(D11="","",IFERROR(XLOOKUP(TRIM(D11),INVENTARIO!$A$2:$A$2000,INVENTARIO!$C$2:$C$2000),"")) | G11: =IF(D11="","",IF(E11="NO ENCONTRADO","CODIGO NO EXISTE",IF(COUNTIF($D$2:D11,D11)>1,"DUPLICADO",IF(C11="","OK SIN PEDIDO",IF(COUNTIFS(PEDIDO_ITEMS!$A$2:$A$501,C11,PEDIDO_ITEMS!$B$2:$B$501,E11)=0,"NO PEDIDO",IF(COUNTIFS($C$2:C11,C11,$E$2:E11,E11)>SUMIFS(PEDIDO_ITEMS!$C$2:$C$501,PEDIDO_ITEMS!$A$2:$A$501,C11,PEDIDO_ITEMS!$B$2:$B$501,E11),"EXCEDE PEDIDO","OK"))))))
A12: 46126.508 | B12: Tecnopolis | D12: MNG53210-048 | E12: =IF(D12="","",IFERROR(XLOOKUP(TRIM(D12),INVENTARIO!$A$2:$A$2000,INVENTARIO!$B$2:$B$2000),"NO ENCONTRADO")) | F12: =IF(D12="","",IFERROR(XLOOKUP(TRIM(D12),INVENTARIO!$A$2:$A$2000,INVENTARIO!$C$2:$C$2000),"")) | G12: =IF(D12="","",IF(E12="NO ENCONTRADO","CODIGO NO EXISTE",IF(COUNTIF($D$2:D12,D12)>1,"DUPLICADO",IF(C12="","OK SIN PEDIDO",IF(COUNTIFS(PEDIDO_ITEMS!$A$2:$A$501,C12,PEDIDO_ITEMS!$B$2:$B$501,E12)=0,"NO PEDIDO",IF(COUNTIFS($C$2:C12,C12,$E$2:E12,E12)>SUMIFS(PEDIDO_ITEMS!$C$2:$C$501,PEDIDO_ITEMS!$A$2:$A$501,C12,PEDIDO_ITEMS!$B$2:$B$501,E12),"EXCEDE PEDIDO","OK"))))))
A13: 46126.508 | B13: Tecnopolis | D13: MNG53210-048 | E13: =IF(D13="","",IFERROR(XLOOKUP(TRIM(D13),INVENTARIO!$A$2:$A$2000,INVENTARIO!$B$2:$B$2000),"NO ENCONTRADO")) | F13: =IF(D13="","",IFERROR(XLOOKUP(TRIM(D13),INVENTARIO!$A$2:$A$2000,INVENTARIO!$C$2:$C$2000),"")) | G13: =IF(D13="","",IF(E13="NO ENCONTRADO","CODIGO NO EXISTE",IF(COUNTIF($D$2:D13,D13)>1,"DUPLICADO",IF(C13="","OK SIN PEDIDO",IF(COUNTIFS(PEDIDO_ITEMS!$A$2:$A$501,C13,PEDIDO_ITEMS!$B$2:$B$501,E13)=0,"NO PEDIDO",IF(COUNTIFS($C$2:C13,C13,$E$2:E13,E13)>SUMIFS(PEDIDO_ITEMS!$C$2:$C$501,PEDIDO_ITEMS!$A$2:$A$501,C13,PEDIDO_ITEMS!$B$2:$B$501,E13),"EXCEDE PEDIDO","OK"))))))
A14: 46126.509 | B14: Tecnopolis | D14: MNG53210-048 | E14: =IF(D14="","",IFERROR(XLOOKUP(TRIM(D14),INVENTARIO!$A$2:$A$2000,INVENTARIO!$B$2:$B$2000),"NO ENCONTRADO")) | F14: =IF(D14="","",IFERROR(XLOOKUP(TRIM(D14),INVENTARIO!$A$2:$A$2000,INVENTARIO!$C$2:$C$2000),"")) | G14: =IF(D14="","",IF(E14="NO ENCONTRADO","CODIGO NO EXISTE",IF(COUNTIF($D$2:D14,D14)>1,"DUPLICADO",IF(C14="","OK SIN PEDIDO",IF(COUNTIFS(PEDIDO_ITEMS!$A$2:$A$501,C14,PEDIDO_ITEMS!$B$2:$B$501,E14)=0,"NO PEDIDO",IF(COUNTIFS($C$2:C14,C14,$E$2:E14,E14)>SUMIFS(PEDIDO_ITEMS!$C$2:$C$501,PEDIDO_ITEMS!$A$2:$A$501,C14,PEDIDO_ITEMS!$B$2:$B$501,E14),"EXCEDE PEDIDO","OK"))))))
A15: 46126.509 | B15: Tecnopolis | D15: MNG53210-048 | E15: =IF(D15="","",IFERROR(XLOOKUP(TRIM(D15),INVENTARIO!$A$2:$A$2000,INVENTARIO!$B$2:$B$2000),"NO ENCONTRADO")) | F15: =IF(D15="","",IFERROR(XLOOKUP(TRIM(D15),INVENTARIO!$A$2:$A$2000,INVENTARIO!$C$2:$C$2000),"")) | G15: =IF(D15="","",IF(E15="NO ENCONTRADO","CODIGO NO EXISTE",IF(COUNTIF($D$2:D15,D15)>1,"DUPLICADO",IF(C15="","OK SIN PEDIDO",IF(COUNTIFS(PEDIDO_ITEMS!$A$2:$A$501,C15,PEDIDO_ITEMS!$B$2:$B$501,E15)=0,"NO PEDIDO",IF(COUNTIFS($C$2:C15,C15,$E$2:E15,E15)>SUMIFS(PEDIDO_ITEMS!$C$2:$C$501,PEDIDO_ITEMS!$A$2:$A$501,C15,PEDIDO_ITEMS!$B$2:$B$501,E15),"EXCEDE PEDIDO","OK"))))))
A16: 46126.509 | B16: Tecnopolis | D16: MNG53210-010 | E16: =IF(D16="","",IFERROR(XLOOKUP(TRIM(D16),INVENTARIO!$A$2:$A$2000,INVENTARIO!$B$2:$B$2000),"NO ENCONTRADO")) | F16: =IF(D16="","",IFERROR(XLOOKUP(TRIM(D16),INVENTARIO!$A$2:$A$2000,INVENTARIO!$C$2:$C$2000),"")) | G16: =IF(D16="","",IF(E16="NO ENCONTRADO","CODIGO NO EXISTE",IF(COUNTIF($D$2:D16,D16)>1,"DUPLICADO",IF(C16="","OK SIN PEDIDO",IF(COUNTIFS(PEDIDO_ITEMS!$A$2:$A$501,C16,PEDIDO_ITEMS!$B$2:$B$501,E16)=0,"NO PEDIDO",IF(COUNTIFS($C$2:C16,C16,$E$2:E16,E16)>SUMIFS(PEDIDO_ITEMS!$C$2:$C$501,PEDIDO_ITEMS!$A$2:$A$501,C16,PEDIDO_ITEMS!$B$2:$B$501,E16),"EXCEDE PEDIDO","OK"))))))
A17: 46126.51 | B17: Tecnopolis | D17: MNG53210-010 | E17: =IF(D17="","",IFERROR(XLOOKUP(TRIM(D17),INVENTARIO!$A$2:$A$2000,INVENTARIO!$B$2:$B$2000),"NO ENCONTRADO")) | F17: =IF(D17="","",IFERROR(XLOOKUP(TRIM(D17),INVENTARIO!$A$2:$A$2000,INVENTARIO!$C$2:$C$2000),"")) | G17: =IF(D17="","",IF(E17="NO ENCONTRADO","CODIGO NO EXISTE",IF(COUNTIF($D$2:D17,D17)>1,"DUPLICADO",IF(C17="","OK SIN PEDIDO",IF(COUNTIFS(PEDIDO_ITEMS!$A$2:$A$501,C17,PEDIDO_ITEMS!$B$2:$B$501,E17)=0,"NO PEDIDO",IF(COUNTIFS($C$2:C17,C17,$E$2:E17,E17)>SUMIFS(PEDIDO_ITEMS!$C$2:$C$501,PEDIDO_ITEMS!$A$2:$A$501,C17,PEDIDO_ITEMS!$B$2:$B$501,E17),"EXCEDE PEDIDO","OK"))))))
A18: 46126.51 | B18: Tecnopolis | D18: MNG53210-015 | E18: =IF(D18="","",IFERROR(XLOOKUP(TRIM(D18),INVENTARIO!$A$2:$A$2000,INVENTARIO!$B$2:$B$2000),"NO ENCONTRADO")) | F18: =IF(D18="","",IFERROR(XLOOKUP(TRIM(D18),INVENTARIO!$A$2:$A$2000,INVENTARIO!$C$2:$C$2000),"")) | G18: =IF(D18="","",IF(E18="NO ENCONTRADO","CODIGO NO EXISTE",IF(COUNTIF($D$2:D18,D18)>1,"DUPLICADO",IF(C18="","OK SIN PEDIDO",IF(COUNTIFS(PEDIDO_ITEMS!$A$2:$A$501,C18,PEDIDO_ITEMS!$B$2:$B$501,E18)=0,"NO PEDIDO",IF(COUNTIFS($C$2:C18,C18,$E$2:E18,E18)>SUMIFS(PEDIDO_ITEMS!$C$2:$C$501,PEDIDO_ITEMS!$A$2:$A$501,C18,PEDIDO_ITEMS!$B$2:$B$501,E18),"EXCEDE PEDIDO","OK"))))))
... A27: 46152.63 | B27: Tecnopolis | D27: GEN9KVA-009 | E27: =IF(D27="","",IFERROR(XLOOKUP(TRIM(D27),INVENTARIO!$A$2:$A$2000,INVENTARIO!$B$2:$B$2000),"NO ENCONTRADO")) | F27: =IF(D27="","",IFERROR(XLOOKUP(TRIM(D27),INVENTARIO!$A$2:$A$2000,INVENTARIO!$C$2:$C$2000),"")) | G27: =IF(D27="","",IF(E27="NO ENCONTRADO","CODIGO NO EXISTE",IF(COUNTIF($D$2:D27,D27)>1,"DUPLICADO",IF(C27="","OK SIN PEDIDO",IF(COUNTIFS(PEDIDO_ITEMS!$A$2:$A$501,C27,PEDIDO_ITEMS!$B$2:$B$501,E27)=0,"NO PEDIDO",IF(COUNTIFS($C$2:C27,C27,$E$2:E27,E27)>SUMIFS(PEDIDO_ITEMS!$C$2:$C$501,PEDIDO_ITEMS!$A$2:$A$501,C27,PEDIDO_ITEMS!$B$2:$B$501,E27),"EXCEDE PEDIDO","OK"))))))
E28: =IF(D28="","",IFERROR(XLOOKUP(TRIM(D28),INVENTARIO!$A$2:$A$2000,INVENTARIO!$B$2:$B$2000),"NO ENCONTRADO")) | F28: =IF(D28="","",IFERROR(XLOOKUP(TRIM(D28),INVENTARIO!$A$2:$A$2000,INVENTARIO!$C$2:$C$2000),"")) | G28: =IF(D28="","",IF(E28="NO ENCONTRADO","CODIGO NO EXISTE",IF(COUNTIF($D$2:D28,D28)>1,"DUPLICADO",IF(C28="","OK SIN PEDIDO",IF(COUNTIFS(PEDIDO_ITEMS!$A$2:$A$501,C28,PEDIDO_ITEMS!$B$2:$B$501,E28)=0,"NO PEDIDO",IF(COUNTIFS($C$2:C28,C28,$E$2:E28,E28)>SUMIFS(PEDIDO_ITEMS!$C$2:$C$501,PEDIDO_ITEMS!$A$2:$A$501,C28,PEDIDO_ITEMS!$B$2:$B$501,E28),"EXCEDE PEDIDO","OK"))))))
E29: =IF(D29="","",IFERROR(XLOOKUP(TRIM(D29),INVENTARIO!$A$2:$A$2000,INVENTARIO!$B$2:$B$2000),"NO ENCONTRADO")) | F29: =IF(D29="","",IFERROR(XLOOKUP(TRIM(D29),INVENTARIO!$A$2:$A$2000,INVENTARIO!$C$2:$C$2000),"")) | G29: =IF(D29="","",IF(E29="NO ENCONTRADO","CODIGO NO EXISTE",IF(COUNTIF($D$2:D29,D29)>1,"DUPLICADO",IF(C29="","OK SIN PEDIDO",IF(COUNTIFS(PEDIDO_ITEMS!$A$2:$A$501,C29,PEDIDO_ITEMS!$B$2:$B$501,E29)=0,"NO PEDIDO",IF(COUNTIFS($C$2:C29,C29,$E$2:E29,E29)>SUMIFS(PEDIDO_ITEMS!$C$2:$C$501,PEDIDO_ITEMS!$A$2:$A$501,C29,PEDIDO_ITEMS!$B$2:$B$501,E29),"EXCEDE PEDIDO","OK"))))))
E30: =IF(D30="","",IFERROR(XLOOKUP(TRIM(D30),INVENTARIO!$A$2:$A$2000,INVENTARIO!$B$2:$B$2000),"NO ENCONTRADO")) | F30: =IF(D30="","",IFERROR(XLOOKUP(TRIM(D30),INVENTARIO!$A$2:$A$2000,INVENTARIO!$C$2:$C$2000),"")) | G30: =IF(D30="","",IF(E30="NO ENCONTRADO","CODIGO NO EXISTE",IF(COUNTIF($D$2:D30,D30)>1,"DUPLICADO",IF(C30="","OK SIN PEDIDO",IF(COUNTIFS(PEDIDO_ITEMS!$A$2:$A$501,C30,PEDIDO_ITEMS!$B$2:$B$501,E30)=0,"NO PEDIDO",IF(COUNTIFS($C$2:C30,C30,$E$2:E30,E30)>SUMIFS(PEDIDO_ITEMS!$C$2:$C$501,PEDIDO_ITEMS!$A$2:$A$501,C30,PEDIDO_ITEMS!$B$2:$B$501,E30),"EXCEDE PEDIDO","OK"))))))
E31: =IF(D31="","",IFERROR(XLOOKUP(TRIM(D31),INVENTARIO!$A$2:$A$2000,INVENTARIO!$B$2:$B$2000),"NO ENCONTRADO")) | F31: =IF(D31="","",IFERROR(XLOOKUP(TRIM(D31),INVENTARIO!$A$2:$A$2000,INVENTARIO!$C$2:$C$2000),"")) | G31: =IF(D31="","",IF(E31="NO ENCONTRADO","CODIGO NO EXISTE",IF(COUNTIF($D$2:D31,D31)>1,"DUPLICADO",IF(C31="","OK SIN PEDIDO",IF(COUNTIFS(PEDIDO_ITEMS!$A$2:$A$501,C31,PEDIDO_ITEMS!$B$2:$B$501,E31)=0,"NO PEDIDO",IF(COUNTIFS($C$2:C31,C31,$E$2:E31,E31)>SUMIFS(PEDIDO_ITEMS!$C$2:$C$501,PEDIDO_ITEMS!$A$2:$A$501,C31,PEDIDO_ITEMS!$B$2:$B$501,E31),"EXCEDE PEDIDO","OK"))))))
E32: =IF(D32="","",IFERROR(XLOOKUP(TRIM(D32),INVENTARIO!$A$2:$A$2000,INVENTARIO!$B$2:$B$2000),"NO ENCONTRADO")) | F32: =IF(D32="","",IFERROR(XLOOKUP(TRIM(D32),INVENTARIO!$A$2:$A$2000,INVENTARIO!$C$2:$C$2000),"")) | G32: =IF(D32="","",IF(E32="NO ENCONTRADO","CODIGO NO EXISTE",IF(COUNTIF($D$2:D32,D32)>1,"DUPLICADO",IF(C32="","OK SIN PEDIDO",IF(COUNTIFS(PEDIDO_ITEMS!$A$2:$A$501,C32,PEDIDO_ITEMS!$B$2:$B$501,E32)=0,"NO PEDIDO",IF(COUNTIFS($C$2:C32,C32,$E$2:E32,E32)>SUMIFS(PEDIDO_ITEMS!$C$2:$C$501,PEDIDO_ITEMS!$A$2:$A$501,C32,PEDIDO_ITEMS!$B$2:$B$501,E32),"EXCEDE PEDIDO","OK"))))))
E33: =IF(D33="","",IFERROR(XLOOKUP(TRIM(D33),INVENTARIO!$A$2:$A$2000,INVENTARIO!$B$2:$B$2000),"NO ENCONTRADO")) | F33: =IF(D33="","",IFERROR(XLOOKUP(TRIM(D33),INVENTARIO!$A$2:$A$2000,INVENTARIO!$C$2:$C$2000),"")) | G33: =IF(D33="","",IF(E33="NO ENCONTRADO","CODIGO NO EXISTE",IF(COUNTIF($D$2:D33,D33)>1,"DUPLICADO",IF(C33="","OK SIN PEDIDO",IF(COUNTIFS(PEDIDO_ITEMS!$A$2:$A$501,C33,PEDIDO_ITEMS!$B$2:$B$501,E33)=0,"NO PEDIDO",IF(COUNTIFS($C$2:C33,C33,$E$2:E33,E33)>SUMIFS(PEDIDO_ITEMS!$C$2:$C$501,PEDIDO_ITEMS!$A$2:$A$501,C33,PEDIDO_ITEMS!$B$2:$B$501,E33),"EXCEDE PEDIDO","OK"))))))
E34: =IF(D34="","",IFERROR(XLOOKUP(TRIM(D34),INVENTARIO!$A$2:$A$2000,INVENTARIO!$B$2:$B$2000),"NO ENCONTRADO")) | F34: =IF(D34="","",IFERROR(XLOOKUP(TRIM(D34),INVENTARIO!$A$2:$A$2000,INVENTARIO!$C$2:$C$2000),"")) | G34: =IF(D34="","",IF(E34="NO ENCONTRADO","CODIGO NO EXISTE",IF(COUNTIF($D$2:D34,D34)>1,"DUPLICADO",IF(C34="","OK SIN PEDIDO",IF(COUNTIFS(PEDIDO_ITEMS!$A$2:$A$501,C34,PEDIDO_ITEMS!$B$2:$B$501,E34)=0,"NO PEDIDO",IF(COUNTIFS($C$2:C34,C34,$E$2:E34,E34)>SUMIFS(PEDIDO_ITEMS!$C$2:$C$501,PEDIDO_ITEMS!$A$2:$A$501,C34,PEDIDO_ITEMS!$B$2:$B$501,E34),"EXCEDE PEDIDO","OK"))))))
E35: =IF(D35="","",IFERROR(XLOOKUP(TRIM(D35),INVENTARIO!$A$2:$A$2000,INVENTARIO!$B$2:$B$2000),"NO ENCONTRADO")) | F35: =IF(D35="","",IFERROR(XLOOKUP(TRIM(D35),INVENTARIO!$A$2:$A$2000,INVENTARIO!$C$2:$C$2000),"")) | G35: =IF(D35="","",IF(E35="NO ENCONTRADO","CODIGO NO EXISTE",IF(COUNTIF($D$2:D35,D35)>1,"DUPLICADO",IF(C35="","OK SIN PEDIDO",IF(COUNTIFS(PEDIDO_ITEMS!$A$2:$A$501,C35,PEDIDO_ITEMS!$B$2:$B$501,E35)=0,"NO PEDIDO",IF(COUNTIFS($C$2:C35,C35,$E$2:E35,E35)>SUMIFS(PEDIDO_ITEMS!$C$2:$C$501,PEDIDO_ITEMS!$A$2:$A$501,C35,PEDIDO_ITEMS!$B$2:$B$501,E35),"EXCEDE PEDIDO","OK"))))))
E36: =IF(D36="","",IFERROR(XLOOKUP(TRIM(D36),INVENTARIO!$A$2:$A$2000,INVENTARIO!$B$2:$B$2000),"NO ENCONTRADO")) | F36: =IF(D36="","",IFERROR(XLOOKUP(TRIM(D36),INVENTARIO!$A$2:$A$2000,INVENTARIO!$C$2:$C$2000),"")) | G36: =IF(D36="","",IF(E36="NO ENCONTRADO","CODIGO NO EXISTE",IF(COUNTIF($D$2:D36,D36)>1,"DUPLICADO",IF(C36="","OK SIN PEDIDO",IF(COUNTIFS(PEDIDO_ITEMS!$A$2:$A$501,C36,PEDIDO_ITEMS!$B$2:$B$501,E36)=0,"NO PEDIDO",IF(COUNTIFS($C$2:C36,C36,$E$2:E36,E36)>SUMIFS(PEDIDO_ITEMS!$C$2:$C$501,PEDIDO_ITEMS!$A$2:$A$501,C36,PEDIDO_ITEMS!$B$2:$B$501,E36),"EXCEDE PEDIDO","OK"))))))
E37: =IF(D37="","",IFERROR(XLOOKUP(TRIM(D37),INVENTARIO!$A$2:$A$2000,INVENTARIO!$B$2:$B$2000),"NO ENCONTRADO")) | F37: =IF(D37="","",IFERROR(XLOOKUP(TRIM(D37),INVENTARIO!$A$2:$A$2000,INVENTARIO!$C$2:$C$2000),"")) | G37: =IF(D37="","",IF(E37="NO ENCONTRADO","CODIGO NO EXISTE",IF(COUNTIF($D$2:D37,D37)>1,"DUPLICADO",IF(C37="","OK SIN PEDIDO",IF(COUNTIFS(PEDIDO_ITEMS!$A$2:$A$501,C37,PEDIDO_ITEMS!$B$2:$B$501,E37)=0,"NO PEDIDO",IF(COUNTIFS($C$2:C37,C37,$E$2:E37,E37)>SUMIFS(PEDIDO_ITEMS!$C$2:$C$501,PEDIDO_ITEMS!$A$2:$A$501,C37,PEDIDO_ITEMS!$B$2:$B$501,E37),"EXCEDE PEDIDO","OK"))))))
E38: =IF(D38="","",IFERROR(XLOOKUP(TRIM(D38),INVENTARIO!$A$2:$A$2000,INVENTARIO!$B$2:$B$2000),"NO ENCONTRADO")) | F38: =IF(D38="","",IFERROR(XLOOKUP(TRIM(D38),INVENTARIO!$A$2:$A$2000,INVENTARIO!$C$2:$C$2000),"")) | G38: =IF(D38="","",IF(E38="NO ENCONTRADO","CODIGO NO EXISTE",IF(COUNTIF($D$2:D38,D38)>1,"DUPLICADO",IF(C38="","OK SIN PEDIDO",IF(COUNTIFS(PEDIDO_ITEMS!$A$2:$A$501,C38,PEDIDO_ITEMS!$B$2:$B$501,E38)=0,"NO PEDIDO",IF(COUNTIFS($C$2:C38,C38,$E$2:E38,E38)>SUMIFS(PEDIDO_ITEMS!$C$2:$C$501,PEDIDO_ITEMS!$A$2:$A$501,C38,PEDIDO_ITEMS!$B$2:$B$501,E38),"EXCEDE PEDIDO","OK"))))))
E39: =IF(D39="","",IFERROR(XLOOKUP(TRIM(D39),INVENTARIO!$A$2:$A$2000,INVENTARIO!$B$2:$B$2000),"NO ENCONTRADO")) | F39: =IF(D39="","",IFERROR(XLOOKUP(TRIM(D39),INVENTARIO!$A$2:$A$2000,INVENTARIO!$C$2:$C$2000),"")) | G39: =IF(D39="","",IF(E39="NO ENCONTRADO","CODIGO NO EXISTE",IF(COUNTIF($D$2:D39,D39)>1,"DUPLICADO",IF(C39="","OK SIN PEDIDO",IF(COUNTIFS(PEDIDO_ITEMS!$A$2:$A$501,C39,PEDIDO_ITEMS!$B$2:$B$501,E39)=0,"NO PEDIDO",IF(COUNTIFS($C$2:C39,C39,$E$2:E39,E39)>SUMIFS(PEDIDO_ITEMS!$C$2:$C$501,PEDIDO_ITEMS!$A$2:$A$501,C39,PEDIDO_ITEMS!$B$2:$B$501,E39),"EXCEDE PEDIDO","OK"))))))
... E1000: =IF(D1000="","",IFERROR(XLOOKUP(TRIM(D1000),INVENTARIO!$A$2:$A$2000,INVENTARIO!$B$2:$B$2000),"NO ENCONTRADO")) | F1000: =IF(D1000="","",IFERROR(XLOOKUP(TRIM(D1000),INVENTARIO!$A$2:$A$2000,INVENTARIO!$C$2:$C$2000),"")) | G1000: =IF(D1000="","",IF(E1000="NO ENCONTRADO","CODIGO NO EXISTE",IF(COUNTIF($D$2:D1000,D1000)>1,"DUPLICADO",IF(C1000="","OK SIN PEDIDO",IF(COUNTIFS(PEDIDO_ITEMS!$A$2:$A$501,C1000,PEDIDO_ITEMS!$B$2:$B$501,E1000)=0,"NO PEDIDO",IF(COUNTIFS($C$2:C1000,C1000,$E$2:E1000,E1000)>SUMIFS(PEDIDO_ITEMS!$C$2:$C$501,PEDIDO_ITEMS!$A$2:$A$501,C1000,PEDIDO_ITEMS!$B$2:$B$501,E1000),"EXCEDE PEDIDO","OK"))))))

Sheet DEVOLUCIONES
A1: Fecha | B1: Evento | C1: Pedido | D1: Codigo | E1: Tipo detectado | F1: Validacion
A2: {=IF(C2:C985="","",IFERROR(INDEX(SALIDAS!A:A,MATCH(C2:C985,SALIDAS!C:C,0)),"ERROR!"))} | B2: <openpyxl.worksheet.formula.ArrayFormula object at 0x0000021AD9ABCE00> | D2: GEN9KVA-001 | E2: =IF(D2="","",IFERROR(XLOOKUP(TRIM(D2),INVENTARIO!$A$2:$A$2000,INVENTARIO!$B$2:$B$2000),"NO ENCONTRADO")) | F2: =IF(D2="","",IF(E2="NO ENCONTRADO","CODIGO NO EXISTE",IF(COUNTIF($D$2:D2,D2)>1,"DEVOLUCION DUPLICADA",IF(COUNTIFS(SALIDAS!$B$2:$B$1000,B2,SALIDAS!$D$2:$D$1000,D2,SALIDAS!$G$2:$G$1000,"OK*")=0,"NO FIGURA EN SALIDA","OK"))))
A3: 46166 | B3: Tecnopolis | D3: GEN9KVA-008 | E3: =IF(D3="","",IFERROR(XLOOKUP(TRIM(D3),INVENTARIO!$A$2:$A$2000,INVENTARIO!$B$2:$B$2000),"NO ENCONTRADO")) | F3: =IF(D3="","",IF(E3="NO ENCONTRADO","CODIGO NO EXISTE",IF(COUNTIF($D$2:D3,D3)>1,"DEVOLUCION DUPLICADA",IF(COUNTIFS(SALIDAS!$B$2:$B$1000,B3,SALIDAS!$D$2:$D$1000,D3,SALIDAS!$G$2:$G$1000,"OK*")=0,"NO FIGURA EN SALIDA","OK"))))
A4: 46166 | B4: Tecnopolis | D4: GEN9KVA-009 | E4: =IF(D4="","",IFERROR(XLOOKUP(TRIM(D4),INVENTARIO!$A$2:$A$2000,INVENTARIO!$B$2:$B$2000),"NO ENCONTRADO")) | F4: =IF(D4="","",IF(E4="NO ENCONTRADO","CODIGO NO EXISTE",IF(COUNTIF($D$2:D4,D4)>1,"DEVOLUCION DUPLICADA",IF(COUNTIFS(SALIDAS!$B$2:$B$1000,B4,SALIDAS!$D$2:$D$1000,D4,SALIDAS!$G$2:$G$1000,"OK*")=0,"NO FIGURA EN SALIDA","OK"))))
E5: =IF(D5="","",IFERROR(XLOOKUP(TRIM(D5),INVENTARIO!$A$2:$A$2000,INVENTARIO!$B$2:$B$2000),"NO ENCONTRADO")) | F5: =IF(D5="","",IF(E5="NO ENCONTRADO","CODIGO NO EXISTE",IF(COUNTIF($D$2:D5,D5)>1,"DEVOLUCION DUPLICADA",IF(COUNTIFS(SALIDAS!$B$2:$B$1000,B5,SALIDAS!$D$2:$D$1000,D5,SALIDAS!$G$2:$G$1000,"OK*")=0,"NO FIGURA EN SALIDA","OK"))))
E6: =IF(D6="","",IFERROR(XLOOKUP(TRIM(D6),INVENTARIO!$A$2:$A$2000,INVENTARIO!$B$2:$B$2000),"NO ENCONTRADO")) | F6: =IF(D6="","",IF(E6="NO ENCONTRADO","CODIGO NO EXISTE",IF(COUNTIF($D$2:D6,D6)>1,"DEVOLUCION DUPLICADA",IF(COUNTIFS(SALIDAS!$B$2:$B$1000,B6,SALIDAS!$D$2:$D$1000,D6,SALIDAS!$G$2:$G$1000,"OK*")=0,"NO FIGURA EN SALIDA","OK"))))
E7: =IF(D7="","",IFERROR(XLOOKUP(TRIM(D7),INVENTARIO!$A$2:$A$2000,INVENTARIO!$B$2:$B$2000),"NO ENCONTRADO")) | F7: =IF(D7="","",IF(E7="NO ENCONTRADO","CODIGO NO EXISTE",IF(COUNTIF($D$2:D7,D7)>1,"DEVOLUCION DUPLICADA",IF(COUNTIFS(SALIDAS!$B$2:$B$1000,B7,SALIDAS!$D$2:$D$1000,D7,SALIDAS!$G$2:$G$1000,"OK*")=0,"NO FIGURA EN SALIDA","OK"))))
E8: =IF(D8="","",IFERROR(XLOOKUP(TRIM(D8),INVENTARIO!$A$2:$A$2000,INVENTARIO!$B$2:$B$2000),"NO ENCONTRADO")) | F8: =IF(D8="","",IF(E8="NO ENCONTRADO","CODIGO NO EXISTE",IF(COUNTIF($D$2:D8,D8)>1,"DEVOLUCION DUPLICADA",IF(COUNTIFS(SALIDAS!$B$2:$B$1000,B8,SALIDAS!$D$2:$D$1000,D8,SALIDAS!$G$2:$G$1000,"OK*")=0,"NO FIGURA EN SALIDA","OK"))))
E9: =IF(D9="","",IFERROR(XLOOKUP(TRIM(D9),INVENTARIO!$A$2:$A$2000,INVENTARIO!$B$2:$B$2000),"NO ENCONTRADO")) | F9: =IF(D9="","",IF(E9="NO ENCONTRADO","CODIGO NO EXISTE",IF(COUNTIF($D$2:D9,D9)>1,"DEVOLUCION DUPLICADA",IF(COUNTIFS(SALIDAS!$B$2:$B$1000,B9,SALIDAS!$D$2:$D$1000,D9,SALIDAS!$G$2:$G$1000,"OK*")=0,"NO FIGURA EN SALIDA","OK"))))
E10: =IF(D10="","",IFERROR(XLOOKUP(TRIM(D10),INVENTARIO!$A$2:$A$2000,INVENTARIO!$B$2:$B$2000),"NO ENCONTRADO")) | F10: =IF(D10="","",IF(E10="NO ENCONTRADO","CODIGO NO EXISTE",IF(COUNTIF($D$2:D10,D10)>1,"DEVOLUCION DUPLICADA",IF(COUNTIFS(SALIDAS!$B$2:$B$1000,B10,SALIDAS!$D$2:$D$1000,D10,SALIDAS!$G$2:$G$1000,"OK*")=0,"NO FIGURA EN SALIDA","OK"))))
E11: =IF(D11="","",IFERROR(XLOOKUP(TRIM(D11),INVENTARIO!$A$2:$A$2000,INVENTARIO!$B$2:$B$2000),"NO ENCONTRADO")) | F11: =IF(D11="","",IF(E11="NO ENCONTRADO","CODIGO NO EXISTE",IF(COUNTIF($D$2:D11,D11)>1,"DEVOLUCION DUPLICADA",IF(COUNTIFS(SALIDAS!$B$2:$B$1000,B11,SALIDAS!$D$2:$D$1000,D11,SALIDAS!$G$2:$G$1000,"OK*")=0,"NO FIGURA EN SALIDA","OK"))))
E12: =IF(D12="","",IFERROR(XLOOKUP(TRIM(D12),INVENTARIO!$A$2:$A$2000,INVENTARIO!$B$2:$B$2000),"NO ENCONTRADO")) | F12: =IF(D12="","",IF(E12="NO ENCONTRADO","CODIGO NO EXISTE",IF(COUNTIF($D$2:D12,D12)>1,"DEVOLUCION DUPLICADA",IF(COUNTIFS(SALIDAS!$B$2:$B$1000,B12,SALIDAS!$D$2:$D$1000,D12,SALIDAS!$G$2:$G$1000,"OK*")=0,"NO FIGURA EN SALIDA","OK"))))
E13: =IF(D13="","",IFERROR(XLOOKUP(TRIM(D13),INVENTARIO!$A$2:$A$2000,INVENTARIO!$B$2:$B$2000),"NO ENCONTRADO")) | F13: =IF(D13="","",IF(E13="NO ENCONTRADO","CODIGO NO EXISTE",IF(COUNTIF($D$2:D13,D13)>1,"DEVOLUCION DUPLICADA",IF(COUNTIFS(SALIDAS!$B$2:$B$1000,B13,SALIDAS!$D$2:$D$1000,D13,SALIDAS!$G$2:$G$1000,"OK*")=0,"NO FIGURA EN SALIDA","OK"))))
E14: =IF(D14="","",IFERROR(XLOOKUP(TRIM(D14),INVENTARIO!$A$2:$A$2000,INVENTARIO!$B$2:$B$2000),"NO ENCONTRADO")) | F14: =IF(D14="","",IF(E14="NO ENCONTRADO","CODIGO NO EXISTE",IF(COUNTIF($D$2:D14,D14)>1,"DEVOLUCION DUPLICADA",IF(COUNTIFS(SALIDAS!$B$2:$B$1000,B14,SALIDAS!$D$2:$D$1000,D14,SALIDAS!$G$2:$G$1000,"OK*")=0,"NO FIGURA EN SALIDA","OK"))))
E15: =IF(D15="","",IFERROR(XLOOKUP(TRIM(D15),INVENTARIO!$A$2:$A$2000,INVENTARIO!$B$2:$B$2000),"NO ENCONTRADO")) | F15: =IF(D15="","",IF(E15="NO ENCONTRADO","CODIGO NO EXISTE",IF(COUNTIF($D$2:D15,D15)>1,"DEVOLUCION DUPLICADA",IF(COUNTIFS(SALIDAS!$B$2:$B$1000,B15,SALIDAS!$D$2:$D$1000,D15,SALIDAS!$G$2:$G$1000,"OK*")=0,"NO FIGURA EN SALIDA","OK"))))
E16: =IF(D16="","",IFERROR(XLOOKUP(TRIM(D16),INVENTARIO!$A$2:$A$2000,INVENTARIO!$B$2:$B$2000),"NO ENCONTRADO")) | F16: =IF(D16="","",IF(E16="NO ENCONTRADO","CODIGO NO EXISTE",IF(COUNTIF($D$2:D16,D16)>1,"DEVOLUCION DUPLICADA",IF(COUNTIFS(SALIDAS!$B$2:$B$1000,B16,SALIDAS!$D$2:$D$1000,D16,SALIDAS!$G$2:$G$1000,"OK*")=0,"NO FIGURA EN SALIDA","OK"))))
... E1000: =IF(D1000="","",IFERROR(XLOOKUP(TRIM(D1000),INVENTARIO!$A$2:$A$2000,INVENTARIO!$B$2:$B$2000),"NO ENCONTRADO")) | F1000: =IF(D1000="","",IF(E1000="NO ENCONTRADO","CODIGO NO EXISTE",IF(COUNTIF($D$2:D1000,D1000)>1,"DEVOLUCION DUPLICADA",IF(COUNTIFS(SALIDAS!$B$2:$B$1000,B1000,SALIDAS!$D$2:$D$1000,D1000,SALIDAS!$G$2:$G$1000,"OK*")=0,"NO FIGURA EN SALIDA","OK"))))

Sheet CONTROL_EVENTOS
A1: Evento | B1: Salieron OK | C1: Volvieron OK | D1: Faltan | E1: Codigos con alerta | F1: Estado
A2: <openpyxl.worksheet.formula.ArrayFormula object at 0x0000021AD9ABCE00> | B2: =IF(A2="","",COUNTIFS(SALIDAS!$B$2:$B$1000,A2,SALIDAS!$G$2:$G$1000,"OK*")) | C2: =IF(A2="","",COUNTIFS(DEVOLUCIONES!$B$2:$B$1000,A2,DEVOLUCIONES!$F$2:$F$1000,"OK")) | D2: =IF(A2="","",MAX(0,B2-C2)) | E2: =IF(A2="","",COUNTIFS(SALIDAS!$B$2:$B$1000,A2,SALIDAS!$G$2:$G$1000,"<>OK",SALIDAS!$G$2:$G$1000,"<>OK SIN PEDIDO")) | F2: =IF(A2="","",IF(E2>0,"REVISAR",IF(D2=0,"COMPLETO","INCOMPLETO")))
A3: Tecnopolis | B3: =IF(A3="","",COUNTIFS(SALIDAS!$B$2:$B$1000,A3,SALIDAS!$G$2:$G$1000,"OK*")) | C3: =IF(A3="","",COUNTIFS(DEVOLUCIONES!$B$2:$B$1000,A3,DEVOLUCIONES!$F$2:$F$1000,"OK")) | D3: =IF(A3="","",MAX(0,B3-C3)) | E3: =IF(A3="","",COUNTIFS(SALIDAS!$B$2:$B$1000,A3,SALIDAS!$G$2:$G$1000,"<>OK",SALIDAS!$G$2:$G$1000,"<>OK SIN PEDIDO")) | F3: =IF(A3="","",IF(E3>0,"REVISAR",IF(D3=0,"COMPLETO","INCOMPLETO")))

Sheet STOCK EN VIVO
A1: Tipo | B1: Total | C1: Reservado pedido | D1: Afuera | E1: En deposito | F1: Alerta
A2: ARANA-CAMLOCK | B2: =IF(A2="","",COUNTIF(INVENTARIO!$B$2:$B$2000,A2)) | C2: =IF(A2="","",MAX(0,SUMIFS(PEDIDO_ITEMS!$C$2:$C$501,PEDIDO_ITEMS!$B$2:$B$501,A2)-COUNTIFS(SALIDAS!$E$2:$E$1000,A2,SALIDAS!$G$2:$G$1000,"OK*"))) | D2: =IF(A2="","",MAX(0,COUNTIFS(SALIDAS!$E$2:$E$1000,A2,SALIDAS!$G$2:$G$1000,"OK*")-COUNTIFS(DEVOLUCIONES!$E$2:$E$1000,A2,DEVOLUCIONES!$F$2:$F$1000,"OK"))) | E2: =IF(A2="","",B2-C2-D2) | F2: =IF(A2="","",IF(E2<0,"REVISAR",IF(E2=0,"SIN STOCK","OK")))
A3: BAUL | B3: =IF(A3="","",COUNTIF(INVENTARIO!$B$2:$B$2000,A3)) | C3: =IF(A3="","",MAX(0,SUMIFS(PEDIDO_ITEMS!$C$2:$C$501,PEDIDO_ITEMS!$B$2:$B$501,A3)-COUNTIFS(SALIDAS!$E$2:$E$1000,A3,SALIDAS!$G$2:$G$1000,"OK*"))) | D3: =IF(A3="","",MAX(0,COUNTIFS(SALIDAS!$E$2:$E$1000,A3,SALIDAS!$G$2:$G$1000,"OK*")-COUNTIFS(DEVOLUCIONES!$E$2:$E$1000,A3,DEVOLUCIONES!$F$2:$F$1000,"OK"))) | E3: =IF(A3="","",B3-C3-D3) | F3: =IF(A3="","",IF(E3<0,"REVISAR",IF(E3=0,"SIN STOCK","OK")))
A4: CHA-250A | B4: =IF(A4="","",COUNTIF(INVENTARIO!$B$2:$B$2000,A4)) | C4: =IF(A4="","",MAX(0,SUMIFS(PEDIDO_ITEMS!$C$2:$C$501,PEDIDO_ITEMS!$B$2:$B$501,A4)-COUNTIFS(SALIDAS!$E$2:$E$1000,A4,SALIDAS!$G$2:$G$1000,"OK*"))) | D4: =IF(A4="","",MAX(0,COUNTIFS(SALIDAS!$E$2:$E$1000,A4,SALIDAS!$G$2:$G$1000,"OK*")-COUNTIFS(DEVOLUCIONES!$E$2:$E$1000,A4,DEVOLUCIONES!$F$2:$F$1000,"OK"))) | E4: =IF(A4="","",B4-C4-D4) | F4: =IF(A4="","",IF(E4<0,"REVISAR",IF(E4=0,"SIN STOCK","OK")))
A5: CHA-400A | B5: =IF(A5="","",COUNTIF(INVENTARIO!$B$2:$B$2000,A5)) | C5: =IF(A5="","",MAX(0,SUMIFS(PEDIDO_ITEMS!$C$2:$C$501,PEDIDO_ITEMS!$B$2:$B$501,A5)-COUNTIFS(SALIDAS!$E$2:$E$1000,A5,SALIDAS!$G$2:$G$1000,"OK*"))) | D5: =IF(A5="","",MAX(0,COUNTIFS(SALIDAS!$E$2:$E$1000,A5,SALIDAS!$G$2:$G$1000,"OK*")-COUNTIFS(DEVOLUCIONES!$E$2:$E$1000,A5,DEVOLUCIONES!$F$2:$F$1000,"OK"))) | E5: =IF(A5="","",B5-C5-D5) | F5: =IF(A5="","",IF(E5<0,"REVISAR",IF(E5=0,"SIN STOCK","OK")))
A6: CHA-TABLEROS | B6: =IF(A6="","",COUNTIF(INVENTARIO!$B$2:$B$2000,A6)) | C6: =IF(A6="","",MAX(0,SUMIFS(PEDIDO_ITEMS!$C$2:$C$501,PEDIDO_ITEMS!$B$2:$B$501,A6)-COUNTIFS(SALIDAS!$E$2:$E$1000,A6,SALIDAS!$G$2:$G$1000,"OK*"))) | D6: =IF(A6="","",MAX(0,COUNTIFS(SALIDAS!$E$2:$E$1000,A6,SALIDAS!$G$2:$G$1000,"OK*")-COUNTIFS(DEVOLUCIONES!$E$2:$E$1000,A6,DEVOLUCIONES!$F$2:$F$1000,"OK"))) | E6: =IF(A6="","",B6-C6-D6) | F6: =IF(A6="","",IF(E6<0,"REVISAR",IF(E6=0,"SIN STOCK","OK")))
A7: GEN-9KVA | B7: =IF(A7="","",COUNTIF(INVENTARIO!$B$2:$B$2000,A7)) | C7: =IF(A7="","",MAX(0,SUMIFS(PEDIDO_ITEMS!$C$2:$C$501,PEDIDO_ITEMS!$B$2:$B$501,A7)-COUNTIFS(SALIDAS!$E$2:$E$1000,A7,SALIDAS!$G$2:$G$1000,"OK*"))) | D7: =IF(A7="","",MAX(0,COUNTIFS(SALIDAS!$E$2:$E$1000,A7,SALIDAS!$G$2:$G$1000,"OK*")-COUNTIFS(DEVOLUCIONES!$E$2:$E$1000,A7,DEVOLUCIONES!$F$2:$F$1000,"OK"))) | E7: =IF(A7="","",B7-C7-D7) | F7: =IF(A7="","",IF(E7<0,"REVISAR",IF(E7=0,"SIN STOCK","OK")))
A8: LUZ-SALA | B8: =IF(A8="","",COUNTIF(INVENTARIO!$B$2:$B$2000,A8)) | C8: =IF(A8="","",MAX(0,SUMIFS(PEDIDO_ITEMS!$C$2:$C$501,PEDIDO_ITEMS!$B$2:$B$501,A8)-COUNTIFS(SALIDAS!$E$2:$E$1000,A8,SALIDAS!$G$2:$G$1000,"OK*"))) | D8: =IF(A8="","",MAX(0,COUNTIFS(SALIDAS!$E$2:$E$1000,A8,SALIDAS!$G$2:$G$1000,"OK*")-COUNTIFS(DEVOLUCIONES!$E$2:$E$1000,A8,DEVOLUCIONES!$F$2:$F$1000,"OK"))) | E8: =IF(A8="","",B8-C8-D8) | F8: =IF(A8="","",IF(E8<0,"REVISAR",IF(E8=0,"SIN STOCK","OK")))
A9: LUZ-TRABAJO | B9: =IF(A9="","",COUNTIF(INVENTARIO!$B$2:$B$2000,A9)) | C9: =IF(A9="","",MAX(0,SUMIFS(PEDIDO_ITEMS!$C$2:$C$501,PEDIDO_ITEMS!$B$2:$B$501,A9)-COUNTIFS(SALIDAS!$E$2:$E$1000,A9,SALIDAS!$G$2:$G$1000,"OK*"))) | D9: =IF(A9="","",MAX(0,COUNTIFS(SALIDAS!$E$2:$E$1000,A9,SALIDAS!$G$2:$G$1000,"OK*")-COUNTIFS(DEVOLUCIONES!$E$2:$E$1000,A9,DEVOLUCIONES!$F$2:$F$1000,"OK"))) | E9: =IF(A9="","",B9-C9-D9) | F9: =IF(A9="","",IF(E9<0,"REVISAR",IF(E9=0,"SIN STOCK","OK")))
A10: MEN-3X16-14M | B10: =IF(A10="","",COUNTIF(INVENTARIO!$B$2:$B$2000,A10)) | C10: =IF(A10="","",MAX(0,SUMIFS(PEDIDO_ITEMS!$C$2:$C$501,PEDIDO_ITEMS!$B$2:$B$501,A10)-COUNTIFS(SALIDAS!$E$2:$E$1000,A10,SALIDAS!$G$2:$G$1000,"OK*"))) | D10: =IF(A10="","",MAX(0,COUNTIFS(SALIDAS!$E$2:$E$1000,A10,SALIDAS!$G$2:$G$1000,"OK*")-COUNTIFS(DEVOLUCIONES!$E$2:$E$1000,A10,DEVOLUCIONES!$F$2:$F$1000,"OK"))) | E10: =IF(A10="","",B10-C10-D10) | F10: =IF(A10="","",IF(E10<0,"REVISAR",IF(E10=0,"SIN STOCK","OK")))
A11: MEN-3X16-20M | B11: =IF(A11="","",COUNTIF(INVENTARIO!$B$2:$B$2000,A11)) | C11: =IF(A11="","",MAX(0,SUMIFS(PEDIDO_ITEMS!$C$2:$C$501,PEDIDO_ITEMS!$B$2:$B$501,A11)-COUNTIFS(SALIDAS!$E$2:$E$1000,A11,SALIDAS!$G$2:$G$1000,"OK*"))) | D11: =IF(A11="","",MAX(0,COUNTIFS(SALIDAS!$E$2:$E$1000,A11,SALIDAS!$G$2:$G$1000,"OK*")-COUNTIFS(DEVOLUCIONES!$E$2:$E$1000,A11,DEVOLUCIONES!$F$2:$F$1000,"OK"))) | E11: =IF(A11="","",B11-C11-D11) | F11: =IF(A11="","",IF(E11<0,"REVISAR",IF(E11=0,"SIN STOCK","OK")))
A12: MEN-3X16-30M | B12: =IF(A12="","",COUNTIF(INVENTARIO!$B$2:$B$2000,A12)) | C12: =IF(A12="","",MAX(0,SUMIFS(PEDIDO_ITEMS!$C$2:$C$501,PEDIDO_ITEMS!$B$2:$B$501,A12)-COUNTIFS(SALIDAS!$E$2:$E$1000,A12,SALIDAS!$G$2:$G$1000,"OK*"))) | D12: =IF(A12="","",MAX(0,COUNTIFS(SALIDAS!$E$2:$E$1000,A12,SALIDAS!$G$2:$G$1000,"OK*")-COUNTIFS(DEVOLUCIONES!$E$2:$E$1000,A12,DEVOLUCIONES!$F$2:$F$1000,"OK"))) | E12: =IF(A12="","",B12-C12-D12) | F12: =IF(A12="","",IF(E12<0,"REVISAR",IF(E12=0,"SIN STOCK","OK")))
A13: MEN-5X16-A-16A | B13: =IF(A13="","",COUNTIF(INVENTARIO!$B$2:$B$2000,A13)) | C13: =IF(A13="","",MAX(0,SUMIFS(PEDIDO_ITEMS!$C$2:$C$501,PEDIDO_ITEMS!$B$2:$B$501,A13)-COUNTIFS(SALIDAS!$E$2:$E$1000,A13,SALIDAS!$G$2:$G$1000,"OK*"))) | D13: =IF(A13="","",MAX(0,COUNTIFS(SALIDAS!$E$2:$E$1000,A13,SALIDAS!$G$2:$G$1000,"OK*")-COUNTIFS(DEVOLUCIONES!$E$2:$E$1000,A13,DEVOLUCIONES!$F$2:$F$1000,"OK"))) | E13: =IF(A13="","",B13-C13-D13) | F13: =IF(A13="","",IF(E13<0,"REVISAR",IF(E13=0,"SIN STOCK","OK")))
... A26: TAB-SCAME | B26: =IF(A26="","",COUNTIF(INVENTARIO!$B$2:$B$2000,A26)) | C26: =IF(A26="","",MAX(0,SUMIFS(PEDIDO_ITEMS!$C$2:$C$501,PEDIDO_ITEMS!$B$2:$B$501,A26)-COUNTIFS(SALIDAS!$E$2:$E$1000,A26,SALIDAS!$G$2:$G$1000,"OK*"))) | D26: =IF(A26="","",MAX(0,COUNTIFS(SALIDAS!$E$2:$E$1000,A26,SALIDAS!$G$2:$G$1000,"OK*")-COUNTIFS(DEVOLUCIONES!$E$2:$E$1000,A26,DEVOLUCIONES!$F$2:$F$1000,"OK"))) | E26: =IF(A26="","",B26-C26-D26) | F26: =IF(A26="","",IF(E26<0,"REVISAR",IF(E26=0,"SIN STOCK","OK")))

Sheet REMITO_DIGITAL
A1: REMITO DIGITAL
A2: Empresa | B2: IZANERGIA
A3: CUIT | B3: 20-5104893-3 | H3: N Remito
A4: Direccion | B4: Pizurno 1186, Del Viso | H4: Fecha | I4: 46166.573
A5: Evento | H5: Estado | I5: Borrador
A6: Pedido
A10: Tipo | B10: Descripcion | C10: Cantidad | D10: Unidad | E10: Observaciones
D11: unidad
D12: unidad
D13: unidad
D14: unidad
D15: unidad
D16: unidad
D17: unidad
D18: unidad
D19: unidad
D20: unidad
D21: unidad
D22: unidad
... D35: unidad
B39: Firma: ___________________________________________

Sheet HISTORIAL_REMITOS
A1: N Remito | B1: Fecha | C1: Evento | D1: Pedido | E1: Tipo | F1: Descripcion | G1: Cantidad | H1: Unidad

Sheet LISTAS
A1: Tipos | B1: Eventos | C1: Estados Pedido
A2: ARANA-CAMLOCK | B2: <openpyxl.worksheet.formula.ArrayFormula object at 0x0000021AD9ABCE00> | C2: Borrador
A3: BAUL | B3: Tecnopolis | C3: Confirmado
A4: CHA-250A | C4: En preparacion
A5: CHA-400A | C5: Despachado
A6: CHA-TABLEROS | C6: Devuelto
A7: GEN-9KVA | C7: Cerrado
A8: LUZ-SALA | C8: Cancelado
A9: LUZ-TRABAJO
A10: MEN-3X16-14M
A11: MEN-3X16-20M
A12: MEN-3X16-30M
A13: MEN-5X16-A-16A
A14: MNG-5X32-10M
A15: MNG-5X32-15M
A16: MNG-5X32-20M
A17: MNG-5X32-30M
A18: SIN-TIPO
A19: TAB-CAMPO-CHICO
A20: TAB-CAMPO-GRANDE
... A26: TAB-SCAME
